original_index,sparsity,proximity
0,1,0.0
0,2,11048.0
0,2,276.0
1,0,0.0
1,2,4891.458882582987
1,2,27150.90674360619
2,0,0.0
2,3,98832.67478420283
2,2,25342.0
3,0,0.0
3,2,6946.0
3,2,16166.0
4,1,0.0
4,3,20984.064429943024
4,3,13070.103442589887
