original_index,n_counterfactuals,n_unique_counterfactuals,validity,continuous_proximity,categorical_proximity,sparsity,continuous_diversity,categorical_diversity,count_diversity
0,4,4,1.0,-1359.4027777777778,0.75,0.6428571428571428,79.69444444444444,0.0625,0.19047619047619047
1,4,4,1.0,-172.2361111111111,0.78125,0.8214285714285714,344.47222222222223,0.125,0.16666666666666666
2,4,4,1.0,-546.7638888888889,0.75,0.7678571428571429,0.5277777777777777,0.08333333333333333,0.11904761904761905
