original_index,n_counterfactuals,n_unique_counterfactuals,validity,continuous_proximity,categorical_proximity,sparsity,continuous_diversity,categorical_diversity,count_diversity
0,4,4,1.0,-1561.0833333333335,0.78125,0.7142857142857143,101.66666666666664,0.0625,0.17857142857142858
1,4,4,1.0,-0.1111111111111111,0.75,0.8035714285714285,0.16666666666666666,0.14583333333333334,0.14285714285714285
2,4,4,1.0,-867.3611111111111,0.75,0.6428571428571428,4.777777777777778,0.125,0.11904761904761903
