{
    "accuracy": 0.8523902139420616,
    "precision": 0.7413793103448276,
    "recall": 0.5885372112917023,
    "f1": 0.6561754887935145,
    "confusion_matrix": [
        [
            6951,
            480
        ],
        [
            962,
            1376
        ]
    ],
    "classification_report": {
        "0": {
            "precision": 0.878427903450019,
            "recall": 0.9354057327412192,
            "f1-score": 0.906021897810219,
            "support": 7431.0
        },
        "1": {
            "precision": 0.7413793103448276,
            "recall": 0.5885372112917023,
            "f1-score": 0.6561754887935145,
            "support": 2338.0
        },
        "accuracy": 0.8523902139420616,
        "macro avg": {
            "precision": 0.8099036068974232,
            "recall": 0.7619714720164608,
            "f1-score": 0.7810986933018668,
            "support": 9769.0
        },
        "weighted avg": {
            "precision": 0.8456282708694133,
            "recall": 0.8523902139420616,
            "f1-score": 0.8462265344894027,
            "support": 9769.0
        }
    }
}