{
    "accuracy": 0.8522878493192753,
    "precision": 0.7379053694843168,
    "recall": 0.5936698032506416,
    "f1": 0.6579758236548945,
    "confusion_matrix": [
        [
            6938,
            493
        ],
        [
            950,
            1388
        ]
    ],
    "classification_report": {
        "0": {
            "precision": 0.8795638945233266,
            "recall": 0.9336563046696272,
            "f1-score": 0.905803250864939,
            "support": 7431.0
        },
        "1": {
            "precision": 0.7379053694843168,
            "recall": 0.5936698032506416,
            "f1-score": 0.6579758236548945,
            "support": 2338.0
        },
        "accuracy": 0.8522878493192753,
        "macro avg": {
            "precision": 0.8087346320038218,
            "recall": 0.7636630539601343,
            "f1-score": 0.7818895372599167,
            "support": 9769.0
        },
        "weighted avg": {
            "precision": 0.8456609739028738,
            "recall": 0.8522878493192753,
            "f1-score": 0.8464910874073605,
            "support": 9769.0
        }
    }
}