{
    "accuracy": 0.8594533729143208,
    "precision": 0.7401692384270782,
    "recall": 0.6360136869118905,
    "f1": 0.6841499884978146,
    "confusion_matrix": [
        [
            6909,
            522
        ],
        [
            851,
            1487
        ]
    ],
    "classification_report": {
        "0": {
            "precision": 0.8903350515463917,
            "recall": 0.9297537343560759,
            "f1-score": 0.9096175366993615,
            "support": 7431.0
        },
        "1": {
            "precision": 0.7401692384270782,
            "recall": 0.6360136869118905,
            "f1-score": 0.6841499884978146,
            "support": 2338.0
        },
        "accuracy": 0.8594533729143208,
        "macro avg": {
            "precision": 0.8152521449867349,
            "recall": 0.7828837106339832,
            "f1-score": 0.7968837625985881,
            "support": 9769.0
        },
        "weighted avg": {
            "precision": 0.8543960945320652,
            "recall": 0.8594533729143208,
            "f1-score": 0.8556567292784161,
            "support": 9769.0
        }
    }
}