{
    "accuracy": 0.8761388064284983,
    "precision": 0.790422245108136,
    "recall": 0.6565440547476475,
    "f1": 0.7172897196261683,
    "confusion_matrix": [
        [
            7024,
            407
        ],
        [
            803,
            1535
        ]
    ],
    "classification_report": {
        "0": {
            "precision": 0.8974064136961799,
            "recall": 0.9452294442201588,
            "f1-score": 0.9206973391007995,
            "support": 7431.0
        },
        "1": {
            "precision": 0.790422245108136,
            "recall": 0.6565440547476475,
            "f1-score": 0.7172897196261683,
            "support": 2338.0
        },
        "accuracy": 0.8761388064284983,
        "macro avg": {
            "precision": 0.8439143294021579,
            "recall": 0.8008867494839031,
            "f1-score": 0.8189935293634839,
            "support": 9769.0
        },
        "weighted avg": {
            "precision": 0.8718020543800935,
            "recall": 0.8761388064284983,
            "f1-score": 0.8720161010690984,
            "support": 9769.0
        }
    }
}